system,object_name,body,ic_type,orbit_type,semi_major_axis,eccentricity,inclination,ra_of_asc_node,arg_of_pericenter,mean_anomaly,year,month,day,hour,minute,second
KEPLER,MarsSat1,Mars,CLASSICAL,GEOSYNCHRONOUS,20429.894046182359,2.2204460492503131e-016,0,0,0,0,2020,7,7,0,0,0
KEPLER,MarsSat2,Mars,CLASSICAL,CUSTOM,32429.894046182384,0.50000000000000233,45,9.9999999999999893,0,0,2020,7,7,0,0,0
KEPLER,MarsSat3,Mars,CLASSICAL,CUSTOM,20429.894046181831,0.27999999999999164,75.000000000000014,44.000000000000014,22.000000000000107,0,2020,7,7,0,0,0
KEPLER,MarsSat4,Mars,CLASSICAL,CUSTOM,10429.894046182282,0.30000000000000004,90,9.9999999999999893,0,0,2020,7,7,0,0,0
